"Time_Iter","Outer_Iter","Inner_Iter",       "CD"       ,       "CL"       
          0,           0,           0,      0.4903860397,       0.702785975
          0,           0,          10,       0.596678185,      0.8904700427
          0,           0,          20,      0.1749874603,      0.6138386544
          0,           0,          30,    -0.01776338417,      0.4656844918
          0,           0,          40,    -0.09135010699,      0.2631306454
          0,           0,          50,    -0.08645149697,      0.1140872751
          0,           0,          60,    -0.03760389791,      0.1518691651
          0,           0,          70,    0.003275017247,      0.3821724567
          0,           0,          80,   -0.005406356864,      0.4637953231
          0,           0,          90,    -0.02069662773,      0.3476946216
          0,           0,         100,    -0.02376292606,      0.2554284089
          0,           0,         110,    -0.01699364959,      0.2998253999
          0,           0,         120,   -0.007902125092,      0.4200584554
          0,           0,         130,   -0.005367564938,      0.5146688215
          0,           0,         140,     -0.0101896758,      0.5208362347
          0,           0,         150,     -0.0140060252,       0.460439927
          0,           0,         160,   -0.009241010205,      0.3696975113
          0,           0,         170,   -0.004357204543,       0.304464868
          0,           0,         180,    -0.01100537967,      0.3026330661
          0,           0,         190,    -0.02092807093,      0.3518597249
          0,           0,         200,    -0.02482406346,      0.4192401899
          0,           0,         210,    -0.02016173644,       0.455689439
          0,           0,         220,    -0.01259450179,      0.4558323131
          0,           0,         230,   -0.007132905399,      0.4280147825
          0,           0,         240,   -0.007177361053,      0.3978363029
          0,           0,         250,    -0.01228552543,      0.3767202016
          0,           0,         260,    -0.02010925024,      0.3741216448
          0,           0,         270,    -0.02585152253,      0.3855225902
          0,           0,         280,    -0.02652240465,      0.3948130371
          0,           0,         290,    -0.02386208499,      0.3970763924
          0,           0,         300,    -0.01900703068,      0.3951320768
          0,           0,         310,    -0.01447496107,      0.3965469559
          0,           0,         320,    -0.01045210391,       0.405467337
          0,           0,         330,   -0.008255710187,      0.4207733981
          0,           0,         340,   -0.008477945384,      0.4385359499
          0,           0,         350,    -0.01097845595,      0.4522782383
          0,           0,         360,    -0.01524740269,      0.4582038124
          0,           0,         370,    -0.01964597658,      0.4519433016
          0,           0,         380,    -0.02322285103,      0.4320876101
          0,           0,         390,    -0.02438780269,      0.4035115604
          0,           0,         400,    -0.02267352136,      0.3809331946
          0,           0,         410,    -0.01886605035,      0.3733345387
          0,           0,         420,    -0.01370564015,      0.3827638141
          0,           0,         430,   -0.008718767219,      0.4046235717
          0,           0,         440,   -0.006162648366,      0.4264207936
          0,           0,         450,   -0.007720822456,      0.4419440525
          0,           0,         460,    -0.01258624877,      0.4453717273
          0,           0,         470,     -0.0199389903,      0.4428408025
          0,           0,         480,    -0.02632898688,      0.4383382059
          0,           0,         490,     -0.0287977172,      0.4347274299
          0,           0,         500,    -0.02662508685,      0.4323823095
          0,           0,         510,    -0.02102409915,      0.4311841648
          0,           0,         520,    -0.01513273772,      0.4311769956
          0,           0,         530,   -0.009626919824,      0.4320813789
          0,           0,         540,   -0.006923545413,      0.4327971949
          0,           0,         550,   -0.006596510041,      0.4325307105
          0,           0,         560,   -0.008748871439,      0.4307838847
          0,           0,         570,    -0.01232806934,      0.4282099417
          0,           0,         580,    -0.01612959706,      0.4257578942
          0,           0,         590,    -0.01932399944,      0.4237902539
          0,           0,         600,    -0.02126398077,      0.4224464365
          0,           0,         610,    -0.02224054863,      0.4218353463
          0,           0,         620,    -0.02218442239,      0.4233552799
          0,           0,         630,    -0.02142294717,      0.4275710848
          0,           0,         640,     -0.0199180723,      0.4352678952
          0,           0,         650,    -0.01793134894,      0.4438673082
          0,           0,         660,    -0.01557498468,      0.4508723775
          0,           0,         670,    -0.01369882263,      0.4522093937
          0,           0,         680,    -0.01294188308,      0.4483566724
          0,           0,         690,    -0.01317776922,      0.4405258616
          0,           0,         700,    -0.01415455558,      0.4324087123
          0,           0,         710,    -0.01525447444,      0.4265923618
          0,           0,         720,    -0.01613493251,      0.4239472887
          0,           0,         730,    -0.01654414498,      0.4247952532
          0,           0,         740,    -0.01675489441,      0.4274182482
          0,           0,         750,    -0.01707883601,      0.4300221076
          0,           0,         760,    -0.01765683014,      0.4324856846
          0,           0,         770,    -0.01839426446,      0.4351677164
          0,           0,         780,    -0.01897280523,      0.4382618891
          0,           0,         790,    -0.01918665299,      0.4415724796
          0,           0,         800,    -0.01895057164,      0.4440978018
          0,           0,         810,    -0.01828044014,      0.4446435421
          0,           0,         820,    -0.01737686402,      0.4426719394
          0,           0,         830,    -0.01617719987,      0.4380653031
          0,           0,         840,    -0.01509226077,      0.4333457881
          0,           0,         850,    -0.01419949942,      0.4302504825
          0,           0,         860,    -0.01381331896,      0.4304640768
          0,           0,         870,    -0.01394536226,      0.4336766392
          0,           0,         880,    -0.01474635487,      0.4389869739
          0,           0,         890,    -0.01603691567,      0.4430554037
          0,           0,         900,    -0.01748339421,      0.4435354032
          0,           0,         910,    -0.01869636978,      0.4400835018
          0,           0,         920,    -0.01928415979,      0.4353503221
          0,           0,         930,    -0.01930026184,      0.4303375557
          0,           0,         940,    -0.01861590521,      0.4277098159
          0,           0,         950,    -0.01753236838,      0.4284784409
          0,           0,         960,    -0.01622134367,      0.4323518213
          0,           0,         970,    -0.01525164672,      0.4374944909
          0,           0,         980,    -0.01494534324,      0.4412661151
          0,           0,         990,     -0.0152237448,      0.4436394046
          0,           0,        1000,    -0.01597669274,      0.4437730041
          0,           0,        1010,    -0.01685866641,      0.4421472528
          0,           0,        1020,    -0.01751302036,      0.4396361436
          0,           0,        1030,    -0.01772141129,      0.4373415179
          0,           0,        1040,    -0.01751310584,      0.4354665925
          0,           0,        1050,    -0.01701215323,      0.4345689668
          0,           0,        1060,    -0.01646606527,      0.4345800311
          0,           0,        1070,    -0.01607948604,      0.4351544078
          0,           0,        1080,    -0.01597428996,       0.435783407
          0,           0,        1090,    -0.01612926445,      0.4361795436
          0,           0,        1100,    -0.01647285219,      0.4361354529
          0,           0,        1110,    -0.01687381295,      0.4357525042
          0,           0,        1120,    -0.01721230196,      0.4353686039
          0,           0,        1130,    -0.01741043689,      0.4353747671
          0,           0,        1140,    -0.01744259943,      0.4360279752
          0,           0,        1150,    -0.01732988806,      0.4373186875
          0,           0,        1160,    -0.01713841017,      0.4388362696
          0,           0,        1170,    -0.01692105655,      0.4401999072
          0,           0,        1180,    -0.01669670605,      0.4410963452
          0,           0,        1190,    -0.01650444026,      0.4411137236
          0,           0,        1200,    -0.01635540101,      0.4401761846
          0,           0,        1210,    -0.01625138829,      0.4384853016
          0,           0,        1220,    -0.01619548259,      0.4366140228
          0,           0,        1230,    -0.01617989293,      0.4348237263
          0,           0,        1240,    -0.01621268933,      0.4334209839
          0,           0,        1250,    -0.01630650804,      0.4327201625
          0,           0,        1260,     -0.0164643125,      0.4327820211
          0,           0,        1270,    -0.01672036461,      0.4336200091
          0,           0,        1280,    -0.01703665568,      0.4350323766
          0,           0,        1290,    -0.01731931399,       0.436483953
          0,           0,        1300,    -0.01757895605,       0.438072587
          0,           0,        1310,    -0.01771304215,      0.4393809491
          0,           0,        1320,      -0.017666645,      0.4402131753
          0,           0,        1330,    -0.01740292273,      0.4403909804
          0,           0,        1340,    -0.01696632396,      0.4398262652
          0,           0,        1350,    -0.01646162617,      0.4386870428
          0,           0,        1360,    -0.01601823232,      0.4372991862
          0,           0,        1370,    -0.01575355088,      0.4360832707
          0,           0,        1380,    -0.01571182939,      0.4352192521
          0,           0,        1390,    -0.01587879964,      0.4349751959
          0,           0,        1400,    -0.01622012814,      0.4351644697
          0,           0,        1410,    -0.01663118403,      0.4356115472
          0,           0,        1420,    -0.01701674394,      0.4360656035
          0,           0,        1430,     -0.0173034661,      0.4363732604
          0,           0,        1440,    -0.01744662237,      0.4365109168
          0,           0,        1450,    -0.01746234785,      0.4365820569
          0,           0,        1460,    -0.01735260343,      0.4366883768
          0,           0,        1470,    -0.01714694893,      0.4368987881
          0,           0,        1480,     -0.0168858255,      0.4371959749
          0,           0,        1490,     -0.0166262666,      0.4374876885
          0,           0,        1499,    -0.01642221159,      0.4376770585
